step_no,date,workspace,tool,action_type,target,details,result
1,2026-05-26,"D:\Downloads\student attendance check system","exec_command","inspect","current directory","Checked current working directory before editing","done"
2,2026-05-26,"D:\Downloads\student attendance check system","exec_command","inspect","git status","Checked repo state and untracked files in initial workspace","done"
3,2026-05-26,"D:\Downloads\student attendance check system","exec_command","inspect","file inventory","Scanned files and detected workspace only had cleanup/report CSV/TXT files","done"
4,2026-05-26,"D:\Downloads","exec_command","inspect","parent folders","Searched sibling folders to locate full attendance_system source tree","done"
5,2026-05-26,"D:\Downloads\attendance_system","exec_command","switch workspace","project root","Switched to full project directory for implementation work","done"
6,2026-05-26,"D:\Downloads\attendance_system","exec_command","inspect","git status + branch","Verified branch and current modified/untracked files","done"
7,2026-05-26,"D:\Downloads\attendance_system","exec_command","inspect","public/index.php","Read current router style and route handling","done"
8,2026-05-26,"D:\Downloads\attendance_system","exec_command","inspect","views/layouts/header.php","Read current shared admin/sidebar/topbar layout","done"
9,2026-05-26,"D:\Downloads\attendance_system","exec_command","inspect","views/layouts/footer.php","Read footer and global toast/sidebar JS","done"
10,2026-05-26,"D:\Downloads\attendance_system","exec_command","inspect","public/assets/css/style.css","Read global CSS and identified missing admin modules styling","done"
11,2026-05-26,"D:\Downloads\attendance_system","exec_command","inspect","views/admin/dashboard.php","Reviewed admin dashboard implementation and structure","done"
12,2026-05-26,"D:\Downloads\attendance_system","exec_command","inspect","views/admin/users/index.php","Detected users index view was empty (0 bytes)","done"
13,2026-05-26,"D:\Downloads\attendance_system","exec_command","inspect","views/admin/users/create.php","Detected create view was empty (0 bytes)","done"
14,2026-05-26,"D:\Downloads\attendance_system","exec_command","inspect","views/admin/users/edit.php","Detected edit view was empty (0 bytes)","done"
15,2026-05-26,"D:\Downloads\attendance_system","exec_command","inspect","controllers/user_controller.php","Reviewed naming conventions and existing admin users flow","done"
16,2026-05-26,"D:\Downloads\attendance_system","exec_command","inspect","models/user_model.php","Reviewed model query style + pagination/filter pattern","done"
17,2026-05-26,"D:\Downloads\attendance_system","exec_command","inspect","helpers/middleware.php","Reviewed auth/role middleware and compatibility needs","done"
18,2026-05-26,"D:\Downloads\attendance_system","exec_command","inspect","config/config.php","Reviewed constants and APP_ROOT redefine risk","done"
19,2026-05-26,"D:\Downloads\attendance_system","exec_command","inspect","database/schema.sql","Mapped actual columns vs requested UI fields","done"
20,2026-05-26,"D:\Downloads\attendance_system","apply_patch","modify file","config/config.php","Replaced constants with define guards to prevent already-defined warnings","done"
21,2026-05-26,"D:\Downloads\attendance_system","apply_patch","modify file","helpers/middleware.php","Added compatibility aliases: admin(), teacher(), student()","done"
22,2026-05-26,"D:\Downloads\attendance_system","apply_patch","create file","models/course_model.php","Implemented course CRUD/list/filter/stats + teacher sync via enrollments","done"
23,2026-05-26,"D:\Downloads\attendance_system","apply_patch","create file","models/enrollment_model.php","Implemented enrollment list/filter/stats/create/edit/delete + role validation helpers","done"
24,2026-05-26,"D:\Downloads\attendance_system","apply_patch","create file","models/class_session_model.php","Implemented class session list/filter/stats/create/edit/delete","done"
25,2026-05-26,"D:\Downloads\attendance_system","apply_patch","create file","controllers/course_controller.php","Implemented admin courses routes/actions + validation + redirects","done"
26,2026-05-26,"D:\Downloads\attendance_system","apply_patch","create file","controllers/enrollment_controller.php","Implemented admin enrollments routes/actions + validation + redirects","done"
27,2026-05-26,"D:\Downloads\attendance_system","apply_patch","create file","controllers/session_controller.php","Implemented admin sessions routes/actions + validation + redirects","done"
28,2026-05-26,"D:\Downloads\attendance_system","apply_patch","create file","controllers/admin_monitoring_controller.php","Implemented engagement + alerts list/detail/resolve/generate flows","done"
29,2026-05-26,"D:\Downloads\attendance_system","apply_patch","replace file","controllers/user_controller.php","Rebuilt users controller to support modal create + edit + activate/deactivate","done"
30,2026-05-26,"D:\Downloads\attendance_system","apply_patch","replace file","public/index.php","Expanded router to include all required admin routes","done"
31,2026-05-26,"D:\Downloads\attendance_system","apply_patch","replace file","views/layouts/header.php","Rebuilt sidebar/topbar links and active states for new admin route scheme","done"
32,2026-05-26,"D:\Downloads\attendance_system","apply_patch","replace file","public/assets/css/style.css","Rebuilt CSS system for admin cards/charts/tables/modals/alerts/dashboard/login polish","done"
33,2026-05-26,"D:\Downloads\attendance_system","apply_patch","create file","views/admin/users/index.php","Created full User Management page + modal Add New User","done"
34,2026-05-26,"D:\Downloads\attendance_system","apply_patch","create file","views/admin/users/edit.php","Created edit user form page","done"
35,2026-05-26,"D:\Downloads\attendance_system","apply_patch","create file","views/admin/users/create.php","Added compatibility redirect to users list/modal flow","done"
36,2026-05-26,"D:\Downloads\attendance_system","apply_patch","create file","views/admin/courses/index.php","Created Course Management list page + quick creation side panel","done"
37,2026-05-26,"D:\Downloads\attendance_system","apply_patch","create file","views/admin/courses/create.php","Created course create form page","done"
38,2026-05-26,"D:\Downloads\attendance_system","apply_patch","create file","views/admin/courses/edit.php","Created course edit form page","done"
39,2026-05-26,"D:\Downloads\attendance_system","apply_patch","create file","views/admin/enrollments/index.php","Created Enrollment Management list page","done"
40,2026-05-26,"D:\Downloads\attendance_system","apply_patch","modify file","controllers/enrollment_controller.php","Added separate teacherUsers/studentUsers datasets for dynamic role-filtered user select","done"
41,2026-05-26,"D:\Downloads\attendance_system","apply_patch","create file","views/admin/enrollments/create.php","Created enrollment create form with role-based dynamic user dropdown","done"
42,2026-05-26,"D:\Downloads\attendance_system","apply_patch","create file","views/admin/enrollments/edit.php","Created enrollment edit form with role-based dynamic user dropdown","done"
43,2026-05-26,"D:\Downloads\attendance_system","apply_patch","create file","views/admin/sessions/index.php","Created Class Sessions list page","done"
44,2026-05-26,"D:\Downloads\attendance_system","apply_patch","create file","views/admin/sessions/create.php","Created class session create form","done"
45,2026-05-26,"D:\Downloads\attendance_system","apply_patch","create file","views/admin/sessions/edit.php","Created class session edit form","done"
46,2026-05-26,"D:\Downloads\attendance_system","apply_patch","create file","views/admin/monitoring/engagement_scores.php","Created engagement page with overview bar chart + donut + student table","done"
47,2026-05-26,"D:\Downloads\attendance_system","apply_patch","create file","views/admin/monitoring/alerts.php","Created alerts page with large severity cards (critical/high/medium) + left filter panel","done"
48,2026-05-26,"D:\Downloads\attendance_system","apply_patch","create file","views/admin/monitoring/alert_detail.php","Created alert detail view + resolve form","done"
49,2026-05-26,"D:\Downloads\attendance_system","apply_patch","replace file","views/admin/dashboard.php","Rebuilt admin dashboard layout to match requested structure","done"
50,2026-05-26,"D:\Downloads\attendance_system","apply_patch","create file","public/assets/images/login-hero.svg","Added local login hero image asset (no external Stitch asset)","done"
51,2026-05-26,"D:\Downloads\attendance_system","apply_patch","replace file","views/auth/login.php","Rebuilt login layout to requested two-panel design using current logo path","done"
52,2026-05-26,"D:\Downloads\attendance_system","apply_patch","modify file","models/user_model.php","Extended search filter to include student_code","done"
53,2026-05-26,"D:\Downloads\attendance_system","apply_patch","replace file","views/layouts/footer.php","Cleaned footer JS/toast text and preserved existing shared behavior","done"
54,2026-05-26,"D:\Downloads\attendance_system","apply_patch","modify file","controllers/auth_controller.php","Fixed include path casing to config/database.php + helpers/middleware.php","done"
55,2026-05-26,"D:\Downloads\attendance_system","apply_patch","modify file","public/login.php","Fixed include path casing for database file","done"
56,2026-05-26,"D:\Downloads\attendance_system","apply_patch","modify file","public/admin/dashboard.php","Fixed include path casing for database file","done"
57,2026-05-26,"D:\Downloads\attendance_system","apply_patch","modify file","public/teacher/dashboard.php","Fixed include path casing for database file","done"
58,2026-05-26,"D:\Downloads\attendance_system","apply_patch","modify file","public/student/dashboard.php","Fixed include path casing for database file","done"
59,2026-05-26,"D:\Downloads\attendance_system","exec_command","validate","php lint","First lint attempt with plain php failed (php not in PATH)","warning"
60,2026-05-26,"D:\Downloads\attendance_system","exec_command","validate","C:\xampp\php\php.exe -v","Verified PHP CLI path under XAMPP","done"
61,2026-05-26,"D:\Downloads\attendance_system","exec_command","validate","all PHP files lint","Ran syntax check for all PHP files with C:\xampp\php\php.exe -l","done"
62,2026-05-26,"D:\Downloads\attendance_system","exec_command","smoke test","localhost routes","Checked HTTP 200 for login and core admin routes","done"
63,2026-05-26,"D:\Downloads\attendance_system","exec_command","smoke test","auth flow","Tested admin login session + verified page keyword matches in response HTML","done"
64,2026-05-26,"D:\Downloads\attendance_system","exec_command","inspect","XAMPP project location","Detected active web root is C:\xampp\htdocs\attendance_system, not D:\Downloads clone","done"
65,2026-05-26,"C:\xampp\htdocs\attendance_system","exec_command","inspect","target project files","Compared current XAMPP project files to edited clone files","done"
66,2026-05-26,"D:\Downloads\attendance_system -> C:\xampp\htdocs\attendance_system","exec_command","sync","multiple files + directories","Copied all modified/new admin-related files from clone into active XAMPP project","done"
67,2026-05-26,"C:\xampp\htdocs\attendance_system","exec_command","validate","all PHP files lint","Re-ran syntax check across full active XAMPP project after sync","done"
68,2026-05-26,"C:\xampp\htdocs\attendance_system","exec_command","smoke test","admin pages","Verified content markers for Users/Courses/Enrollments/Sessions/Engagement/Alerts/Dashboard","done"
69,2026-05-26,"C:\xampp\htdocs\attendance_system","exec_command","smoke test","login page","Verified login page contains requested layout markers + local hero asset reference","done"
70,2026-05-26,"C:\xampp\htdocs\attendance_system","exec_command","smoke test","alert generate route","Verified POST generate alert route redirects to admin alerts page","done"
71,2026-05-26,"C:\xampp\htdocs\attendance_system","exec_command","inspect","git status","Captured final modified/new file state in active project","done"
72,2026-05-26,"C:\xampp\htdocs\attendance_system","assistant","report","final summary","Delivered created/modified files list, test URLs, schema mismatch notes; no git push performed","done"
73,2026-05-26,"C:\xampp\htdocs\attendance_system","exec_command","inspect","project root and tree","Reconfirmed active codebase is C:\xampp\htdocs\attendance_system and scanned key files","done"
74,2026-05-26,"C:\xampp\htdocs\attendance_system","exec_command","inspect","layout/css/login/dashboard/admin indexes","Read current versions of style.css, header.php, footer.php, login.php, dashboard and admin index pages","done"
75,2026-05-26,"C:\xampp\htdocs\attendance_system","exec_command","inspect","controllers/models/schema","Validated controller-variable contracts and schema column names before editing UI","done"
76,2026-05-26,"C:\xampp\htdocs\attendance_system","exec_command","validate","PHP lint all files","Ran C:\xampp\php\php.exe -l recursively to ensure no syntax errors before edits","done"
77,2026-05-26,"C:\xampp\htdocs\attendance_system","apply_patch","replace file","views/auth/login.php","Rebuilt login screen with local logo.svg and local login-analytics.svg/login-hero.svg fallback; removed external image dependency","done"
78,2026-05-26,"C:\xampp\htdocs\attendance_system","apply_patch","replace file","views/admin/users/index.php","Rewrote users index/modal page cleanly to remove broken characters and keep add-user modal flow consistent","done"
79,2026-05-26,"C:\xampp\htdocs\attendance_system","apply_patch","replace file","views/admin/dashboard.php","Rewrote admin dashboard template to remove broken glyphs and keep target structure stable","done"
80,2026-05-26,"C:\xampp\htdocs\attendance_system","apply_patch","replace file","views/admin/monitoring/engagement_scores.php","Rebuilt engagement monitoring page with 2 overview charts (bar + donut) and student list table below","done"
81,2026-05-26,"C:\xampp\htdocs\attendance_system","apply_patch","replace file","views/admin/monitoring/alerts.php","Rebuilt alert logs page with larger critical/high/medium cards and left filter panel layout","done"
82,2026-05-26,"C:\xampp\htdocs\attendance_system","apply_patch","modify file","public/assets/css/style.css","Polished admin visuals: stats typography, modal width, chart spacing, and larger alert card styling","done"
83,2026-05-26,"C:\xampp\htdocs\attendance_system","apply_patch","modify file","controllers/auth_controller.php","Adjusted oldEmail handling to raw value (avoid double escaping in new login view)","done"
84,2026-05-26,"C:\xampp\htdocs\attendance_system","exec_command","validate","PHP lint all files","Re-ran full PHP lint after replacements; all files passed","done"
85,2026-05-26,"C:\xampp\htdocs\attendance_system","exec_command","smoke test","localhost admin routes with login session","Logged in via HTTP session and checked dashboard/users/courses/enrollments/sessions/engagement/alerts routes return 200","done"
86,2026-05-26,"C:\xampp\htdocs\attendance_system","exec_command","smoke test","warning/fatal scan","Scanned rendered HTML for Warning:/Fatal error:/Parse error signatures on all admin pages","done"
87,2026-05-26,"C:\xampp\htdocs\attendance_system","exec_command","validate","login image source policy","Verified login view no longer references remote Unsplash URLs","done"
